{
    "loss": 27.12546157836914,
    "accuracy": 0.4313725531101227
}